Employee_ID,Gender,Age,Department,Job_Role,Hire_Date,Employment_Status,Exit_Date,Tenure_Months
1,Male,38,IT,Executive,2020-04-19,Active,,69.43333333333334
2,Female,30,Finance,Manager,2024-01-04,Active,,24.266666666666666
3,Male,54,Finance,Executive,2021-09-08,Active,,52.53333333333333
4,Male,41,IT,Manager,2024-10-26,Active,,14.4
5,Male,34,HR,Executive,2020-11-02,Left,2025-04-14,54.13333333333333
6,Female,49,HR,Analyst,2020-07-31,Active,,66.0
7,Male,50,Finance,Manager,2022-09-21,Active,,39.93333333333333
8,Male,34,Sales,Executive,2024-05-23,Active,,19.6
9,Male,56,HR,Analyst,2021-02-11,Left,2024-12-01,46.3
10,Female,27,HR,Analyst,2024-12-02,Active,,13.166666666666666
11,Male,39,IT,Executive,2018-01-22,Left,2019-07-19,18.1
12,Male,26,IT,Manager,2022-10-16,Left,2024-04-25,18.566666666666666
13,Male,46,Sales,Manager,2019-11-14,Active,,74.66666666666667
14,Male,23,HR,Analyst,2023-01-08,Active,,36.3
15,Female,31,HR,Manager,2024-06-25,Active,,18.5
16,Male,51,IT,Manager,2018-05-06,Left,2023-01-26,57.53333333333333
17,Female,26,HR,Manager,2018-10-04,Left,2020-11-01,25.3
18,Female,54,Finance,Analyst,2023-06-23,Active,,30.766666666666666
19,Female,22,IT,Executive,2021-05-12,Active,,56.5
20,Male,39,Sales,Manager,2024-02-20,Active,,22.7
21,Female,53,IT,Analyst,2019-11-27,Active,,74.23333333333333
22,Male,32,HR,Analyst,2021-08-02,Active,,53.766666666666666
23,Female,42,Sales,Executive,2018-02-26,Active,,95.53333333333333
24,Female,47,IT,Manager,2018-01-19,Active,,96.8
25,Female,46,Finance,Manager,2024-04-30,Active,,20.366666666666667
26,Female,43,Finance,Executive,2018-04-23,Active,,93.66666666666667
27,Female,48,IT,Executive,2019-06-26,Active,,79.36666666666666
28,Female,34,Finance,Analyst,2019-08-02,Active,,78.13333333333334
29,Female,54,Finance,Analyst,2020-12-24,Active,,61.13333333333333
30,Female,55,Finance,Executive,2018-01-25,Left,2020-12-30,35.666666666666664
31,Male,56,Sales,Manager,2022-04-22,Active,,45.0
32,Male,22,Finance,Analyst,2023-08-11,Left,2026-01-28,30.033333333333335
33,Female,42,Finance,Analyst,2022-04-22,Active,,45.0
34,Female,27,Finance,Manager,2018-05-21,Active,,92.73333333333333
35,Female,49,Sales,Analyst,2022-11-03,Active,,38.5
36,Male,38,IT,Manager,2019-10-10,Active,,75.83333333333333
37,Female,26,HR,Manager,2024-02-14,Active,,22.9
38,Male,52,Finance,Manager,2018-07-20,Active,,90.73333333333333
39,Male,26,IT,Executive,2018-09-14,Left,2022-07-14,46.63333333333333
40,Male,59,Finance,Executive,2019-07-01,Left,2022-05-26,35.333333333333336
41,Male,24,Sales,Executive,2024-02-20,Active,,22.7
42,Male,44,IT,Manager,2020-03-12,Active,,70.7
43,Female,58,Sales,Manager,2020-07-30,Active,,66.03333333333333
44,Female,58,Finance,Executive,2019-02-18,Left,2022-09-11,43.36666666666667
45,Female,31,Finance,Analyst,2023-07-08,Active,,30.266666666666666
46,Female,31,Sales,Manager,2021-10-13,Left,2023-12-06,26.133333333333333
47,Female,40,HR,Analyst,2021-01-03,Active,,60.8
48,Male,38,Sales,Analyst,2020-06-28,Left,2021-01-15,6.7
49,Female,42,Finance,Manager,2018-07-07,Active,,91.16666666666667
50,Female,35,Sales,Manager,2023-07-09,Left,2028-01-17,55.1
51,Male,30,HR,Analyst,2021-08-06,Active,,53.63333333333333
52,Female,22,Sales,Analyst,2023-09-24,Active,,27.666666666666668
53,Male,34,HR,Executive,2023-11-01,Active,,26.4
54,Female,25,HR,Executive,2021-02-20,Active,,59.2
55,Male,22,Sales,Manager,2018-12-24,Active,,85.5
56,Female,53,Sales,Executive,2022-04-01,Active,,45.7
57,Female,55,IT,Executive,2020-12-25,Active,,61.1
58,Male,49,Finance,Executive,2022-08-08,Active,,41.4
59,Male,52,HR,Executive,2024-08-19,Active,,16.666666666666668
60,Male,29,IT,Analyst,2018-06-11,Left,2022-03-17,45.833333333333336
61,Male,47,Sales,Manager,2024-06-27,Active,,18.433333333333334
62,Male,55,Finance,Executive,2019-03-26,Left,2020-10-08,18.733333333333334
63,Male,24,IT,Analyst,2022-02-06,Left,2022-12-16,10.433333333333334
64,Male,33,HR,Analyst,2020-11-02,Active,,62.86666666666667
65,Male,22,IT,Analyst,2024-02-10,Active,,23.033333333333335
66,Female,26,HR,Executive,2023-11-29,Active,,25.466666666666665
67,Female,51,Sales,Executive,2023-05-05,Active,,32.4
68,Male,51,Finance,Manager,2024-12-30,Active,,12.233333333333333
69,Female,38,Finance,Executive,2021-08-06,Active,,53.63333333333333
70,Female,44,Finance,Executive,2024-05-31,Left,2028-11-15,54.3
71,Female,36,Sales,Analyst,2021-05-23,Left,2024-10-02,40.93333333333333
72,Female,58,HR,Manager,2020-08-31,Active,,64.96666666666667
73,Male,42,Sales,Executive,2019-09-24,Left,2021-08-06,22.733333333333334
74,Female,35,Finance,Executive,2022-05-10,Left,2026-02-26,46.266666666666666
75,Male,23,Sales,Analyst,2020-11-16,Active,,62.4
76,Female,32,Sales,Analyst,2022-05-08,Active,,44.46666666666667
77,Female,59,Sales,Executive,2024-06-26,Active,,18.466666666666665
78,Female,55,HR,Manager,2022-08-21,Active,,40.96666666666667
79,Male,59,IT,Manager,2019-03-13,Active,,82.86666666666666
80,Female,55,IT,Analyst,2022-04-06,Left,2025-10-15,42.93333333333333
81,Male,39,Sales,Analyst,2020-12-12,Left,2025-10-17,59.0
82,Female,51,IT,Executive,2021-07-28,Active,,53.93333333333333
83,Male,36,IT,Analyst,2023-09-10,Active,,28.133333333333333
84,Female,48,Sales,Executive,2024-07-12,Active,,17.933333333333334
85,Male,55,Sales,Manager,2018-07-02,Left,2019-05-21,10.766666666666667
86,Male,59,Finance,Manager,2022-01-09,Active,,48.43333333333333
87,Female,54,IT,Executive,2022-01-19,Active,,48.1
88,Male,45,HR,Analyst,2022-05-09,Active,,44.43333333333333
89,Female,36,Sales,Manager,2022-05-07,Active,,44.5
90,Female,51,Finance,Analyst,2019-10-22,Active,,75.43333333333334
91,Female,38,HR,Manager,2018-06-09,Active,,92.1
92,Female,26,IT,Executive,2024-09-25,Active,,15.433333333333334
93,Female,50,Finance,Executive,2020-10-08,Active,,63.7
94,Female,25,Sales,Executive,2018-02-22,Active,,95.66666666666667
95,Female,31,HR,Manager,2024-09-21,Active,,15.566666666666666
96,Female,38,Sales,Analyst,2020-11-11,Active,,62.56666666666667
97,Female,31,IT,Analyst,2020-11-19,Active,,62.3
98,Female,38,HR,Analyst,2024-04-26,Left,2028-09-27,53.833333333333336
99,Female,41,IT,Manager,2021-05-13,Active,,56.46666666666667
100,Male,45,IT,Manager,2022-02-03,Active,,47.6
101,Male,26,Finance,Manager,2022-01-29,Active,,47.766666666666666
102,Female,55,Sales,Manager,2020-11-01,Active,,62.9
103,Female,27,HR,Manager,2023-05-05,Active,,32.4
104,Female,23,IT,Analyst,2020-04-29,Left,2021-06-06,13.433333333333334
105,Female,34,IT,Manager,2018-12-20,Active,,85.63333333333334
106,Female,32,HR,Manager,2021-01-03,Active,,60.8
107,Female,44,IT,Analyst,2022-10-06,Active,,39.43333333333333
108,Female,37,Finance,Manager,2022-01-04,Active,,48.6
109,Female,52,Finance,Analyst,2020-09-17,Active,,64.4
110,Male,32,Finance,Analyst,2021-06-18,Active,,55.266666666666666
111,Female,37,Finance,Executive,2023-02-28,Left,2024-04-02,13.3
112,Male,29,IT,Executive,2022-12-15,Active,,37.1
113,Female,25,HR,Executive,2024-05-30,Active,,19.366666666666667
114,Female,25,HR,Executive,2024-03-06,Active,,22.2
115,Male,46,HR,Manager,2021-01-16,Active,,60.36666666666667
116,Female,24,HR,Executive,2020-03-28,Active,,70.16666666666667
117,Male,53,Sales,Analyst,2022-12-05,Left,2023-11-28,11.933333333333334
118,Female,24,HR,Manager,2023-05-15,Active,,32.06666666666667
119,Female,48,Sales,Executive,2024-09-03,Active,,16.166666666666668
120,Male,50,Sales,Analyst,2024-06-30,Active,,18.333333333333332
121,Female,53,Finance,Manager,2020-06-07,Active,,67.8
122,Male,40,Sales,Manager,2023-01-30,Active,,35.56666666666667
123,Female,42,IT,Executive,2021-03-26,Left,2022-11-28,20.4
124,Male,26,Sales,Manager,2019-10-30,Active,,75.16666666666667
125,Male,39,Finance,Analyst,2019-09-25,Active,,76.33333333333333
126,Female,49,Sales,Manager,2022-07-01,Left,2023-09-18,14.8
127,Female,43,IT,Analyst,2018-05-17,Active,,92.86666666666666
128,Male,42,IT,Manager,2023-05-01,Active,,32.53333333333333
129,Female,27,IT,Executive,2022-08-25,Active,,40.833333333333336
130,Female,22,Finance,Analyst,2019-03-04,Active,,83.16666666666667
131,Female,26,Finance,Manager,2022-01-15,Left,2025-02-21,37.766666666666666
132,Male,33,HR,Manager,2020-03-29,Left,2021-11-27,20.266666666666666
133,Male,47,Finance,Manager,2023-12-29,Active,,24.466666666666665
134,Male,55,IT,Analyst,2021-01-11,Active,,60.53333333333333
135,Male,35,IT,Analyst,2024-02-03,Active,,23.266666666666666
136,Male,47,Finance,Analyst,2018-07-17,Active,,90.83333333333333
137,Male,48,Sales,Executive,2023-06-19,Active,,30.9
138,Male,30,Finance,Executive,2024-09-14,Active,,15.8
139,Male,47,Finance,Analyst,2019-04-16,Active,,81.73333333333333
140,Male,43,IT,Manager,2024-03-15,Active,,21.9
141,Female,51,HR,Executive,2023-05-03,Active,,32.46666666666667
142,Male,38,IT,Analyst,2020-07-17,Left,2022-03-04,19.833333333333332
143,Female,47,HR,Manager,2023-07-04,Active,,30.4
144,Female,57,IT,Executive,2020-06-24,Active,,67.23333333333333
145,Female,22,Finance,Manager,2024-02-01,Active,,23.333333333333332
146,Male,29,IT,Manager,2018-01-23,Active,,96.66666666666667
147,Male,56,IT,Manager,2018-08-23,Active,,89.6
148,Male,36,IT,Manager,2021-01-29,Active,,59.93333333333333
149,Male,43,Finance,Executive,2020-07-17,Left,2025-01-28,55.2
150,Female,35,Finance,Executive,2019-06-07,Left,2021-11-29,30.2
151,Male,47,Finance,Executive,2022-12-14,Active,,37.13333333333333
152,Male,49,Finance,Analyst,2019-03-07,Left,2020-03-17,12.533333333333333
153,Male,44,HR,Executive,2020-03-03,Active,,71.0
154,Male,35,HR,Manager,2022-06-18,Active,,43.1
155,Male,45,Sales,Executive,2022-10-03,Active,,39.53333333333333
156,Female,23,Finance,Manager,2019-06-17,Active,,79.66666666666667
157,Male,47,HR,Analyst,2022-10-13,Left,2027-08-05,58.56666666666667
158,Female,35,IT,Manager,2022-08-03,Active,,41.56666666666667
159,Male,28,Finance,Manager,2021-08-09,Active,,53.53333333333333
160,Female,24,Sales,Manager,2020-07-01,Left,2023-12-09,41.86666666666667
161,Male,44,Sales,Analyst,2021-01-29,Active,,59.93333333333333
162,Male,39,Sales,Executive,2022-03-06,Active,,46.56666666666667
163,Female,59,IT,Executive,2021-08-20,Active,,53.166666666666664
164,Female,56,HR,Analyst,2020-10-20,Active,,63.3
165,Female,36,IT,Manager,2022-04-26,Left,2024-02-14,21.966666666666665
166,Male,46,Finance,Executive,2021-10-10,Active,,51.46666666666667
167,Female,58,Sales,Analyst,2022-02-28,Active,,46.766666666666666
168,Male,49,IT,Executive,2022-08-09,Active,,41.36666666666667
169,Male,31,IT,Analyst,2023-06-21,Active,,30.833333333333332
170,Female,38,HR,Manager,2018-08-15,Active,,89.86666666666666
171,Female,43,HR,Executive,2021-06-13,Left,2025-12-15,54.86666666666667
172,Male,47,Sales,Analyst,2020-05-22,Active,,68.33333333333333
173,Male,46,IT,Executive,2020-06-10,Left,2024-08-21,51.1
174,Female,38,IT,Executive,2022-01-18,Active,,48.13333333333333
175,Female,34,HR,Executive,2020-11-02,Active,,62.86666666666667
176,Female,41,IT,Executive,2024-03-07,Active,,22.166666666666668
177,Male,46,IT,Analyst,2019-02-01,Active,,84.2
178,Male,25,IT,Manager,2021-01-28,Left,2025-01-21,48.46666666666667
179,Male,31,HR,Analyst,2023-09-10,Active,,28.133333333333333
180,Male,24,Sales,Analyst,2019-10-11,Left,2022-09-14,35.63333333333333
181,Male,39,Finance,Analyst,2018-11-25,Left,2021-12-03,36.8
182,Male,57,Sales,Manager,2022-01-22,Left,2022-11-20,10.066666666666666
183,Female,43,Finance,Executive,2020-08-09,Active,,65.7
184,Male,55,IT,Executive,2023-06-29,Active,,30.566666666666666
185,Male,29,Sales,Executive,2023-07-10,Left,2027-11-16,53.0
186,Male,40,Finance,Manager,2023-02-22,Left,2027-05-14,51.4
187,Female,58,HR,Executive,2021-04-11,Left,2023-11-24,31.9
188,Male,27,HR,Manager,2022-11-08,Active,,38.333333333333336
189,Male,47,Sales,Executive,2018-06-11,Active,,92.03333333333333
190,Female,55,Sales,Executive,2022-10-18,Active,,39.03333333333333
191,Male,27,IT,Analyst,2020-02-15,Active,,71.56666666666666
192,Male,58,Sales,Manager,2023-01-02,Active,,36.5
193,Male,54,IT,Analyst,2024-05-10,Active,,20.033333333333335
194,Male,43,IT,Analyst,2020-11-17,Active,,62.36666666666667
195,Male,42,HR,Analyst,2024-07-01,Active,,18.3
196,Female,27,HR,Manager,2020-07-28,Left,2022-01-06,17.566666666666666
197,Female,27,Finance,Manager,2019-06-24,Left,2020-01-18,6.933333333333334
198,Female,25,HR,Executive,2024-12-10,Active,,12.9
199,Male,51,HR,Analyst,2020-04-01,Active,,70.03333333333333
200,Male,32,Sales,Executive,2022-01-01,Active,,48.7
201,Male,51,HR,Analyst,2020-12-24,Left,2024-02-21,38.46666666666667
202,Female,52,Finance,Manager,2018-12-22,Left,2019-07-24,7.133333333333334
203,Male,45,Sales,Manager,2018-08-23,Active,,89.6
204,Male,30,Finance,Manager,2024-03-24,Left,2028-12-09,57.36666666666667
205,Female,24,HR,Analyst,2022-03-29,Active,,45.8
206,Male,52,Finance,Manager,2023-09-28,Active,,27.533333333333335
207,Female,58,Sales,Analyst,2018-04-28,Left,2022-09-13,53.3
208,Female,57,IT,Executive,2023-10-03,Left,2025-12-13,26.733333333333334
209,Female,45,Finance,Analyst,2022-08-01,Active,,41.63333333333333
210,Male,52,Finance,Executive,2020-12-03,Active,,61.833333333333336
211,Male,27,Sales,Analyst,2023-10-02,Active,,27.4
212,Male,23,Sales,Executive,2019-07-12,Active,,78.83333333333333
213,Male,41,Finance,Manager,2022-12-21,Left,2027-01-26,49.9
214,Male,49,HR,Executive,2023-06-29,Active,,30.566666666666666
215,Male,32,Finance,Manager,2019-02-02,Active,,84.16666666666667
216,Male,25,Sales,Manager,2019-11-06,Left,2021-12-13,25.6
217,Female,36,IT,Executive,2019-01-22,Active,,84.53333333333333
218,Male,27,IT,Analyst,2023-11-29,Active,,25.466666666666665
219,Female,51,HR,Analyst,2023-08-27,Active,,28.6
220,Male,59,Finance,Analyst,2020-06-02,Left,2024-09-01,51.733333333333334
221,Male,23,IT,Analyst,2019-06-25,Active,,79.4
222,Male,36,Finance,Analyst,2018-06-20,Active,,91.73333333333333
223,Female,32,Sales,Manager,2024-09-22,Active,,15.533333333333333
224,Female,29,IT,Analyst,2020-01-10,Left,2023-09-21,45.0
225,Female,47,HR,Manager,2021-11-02,Active,,50.7
226,Female,26,Sales,Manager,2024-03-27,Active,,21.5
227,Male,27,HR,Manager,2018-04-29,Active,,93.46666666666667
228,Female,47,Sales,Executive,2024-11-17,Active,,13.666666666666666
229,Male,25,IT,Executive,2023-11-22,Active,,25.7
230,Male,40,HR,Manager,2023-06-19,Active,,30.9
231,Female,41,HR,Executive,2022-09-02,Active,,40.56666666666667
232,Female,54,Sales,Analyst,2022-09-19,Active,,40.0
233,Female,41,HR,Analyst,2024-02-01,Active,,23.333333333333332
234,Female,33,Sales,Manager,2022-08-25,Active,,40.833333333333336
235,Female,22,Sales,Analyst,2021-12-15,Active,,49.266666666666666
236,Female,47,Sales,Manager,2022-10-26,Active,,38.766666666666666
237,Female,35,Sales,Manager,2022-03-05,Active,,46.6
238,Female,59,IT,Analyst,2019-10-27,Left,2023-04-19,42.333333333333336
239,Male,58,Sales,Executive,2018-02-02,Active,,96.33333333333333
240,Female,32,Finance,Analyst,2023-10-04,Active,,27.333333333333332
241,Female,57,HR,Analyst,2023-08-22,Active,,28.766666666666666
242,Male,34,Finance,Manager,2022-04-01,Active,,45.7
243,Female,24,IT,Manager,2019-12-21,Active,,73.43333333333334
244,Male,54,Finance,Manager,2024-08-17,Active,,16.733333333333334
245,Male,27,HR,Manager,2019-04-29,Active,,81.3
246,Female,31,Finance,Executive,2020-08-30,Active,,65.0
247,Male,26,IT,Executive,2018-11-03,Active,,87.2
248,Male,44,Sales,Executive,2019-04-02,Active,,82.2
249,Male,31,Finance,Manager,2024-01-17,Active,,23.833333333333332
250,Male,23,IT,Manager,2018-11-27,Left,2021-11-14,36.1
251,Female,34,IT,Manager,2018-08-13,Left,2020-07-12,23.3
252,Male,23,HR,Executive,2022-01-19,Active,,48.1
253,Female,41,HR,Manager,2020-12-18,Left,2021-10-15,10.033333333333333
254,Male,22,Finance,Analyst,2019-10-06,Active,,75.96666666666667
255,Male,58,Sales,Analyst,2019-09-08,Active,,76.9
256,Male,30,IT,Manager,2018-07-14,Active,,90.93333333333334
257,Male,38,Finance,Analyst,2019-05-04,Active,,81.13333333333334
258,Female,30,IT,Analyst,2024-01-14,Left,2025-06-16,17.3
259,Female,32,IT,Executive,2021-06-03,Active,,55.766666666666666
260,Male,36,Sales,Manager,2024-09-25,Active,,15.433333333333334
261,Male,45,Sales,Manager,2021-01-07,Active,,60.666666666666664
262,Female,59,Finance,Executive,2021-02-21,Left,2022-02-10,11.8
263,Male,56,Sales,Analyst,2024-11-23,Active,,13.466666666666667
264,Male,51,Sales,Analyst,2021-05-26,Left,2023-07-11,25.866666666666667
265,Male,52,Finance,Manager,2019-05-31,Active,,80.23333333333333
266,Female,26,Sales,Analyst,2022-06-14,Left,2024-03-05,21.0
267,Female,35,HR,Executive,2021-02-01,Left,2023-02-07,24.533333333333335
268,Female,32,IT,Executive,2019-01-28,Active,,84.33333333333333
269,Male,30,IT,Manager,2019-09-23,Active,,76.4
270,Male,55,IT,Executive,2023-01-22,Active,,35.833333333333336
271,Female,33,IT,Executive,2020-09-06,Active,,64.76666666666667
272,Female,56,Finance,Manager,2019-03-10,Active,,82.96666666666667
273,Female,56,IT,Executive,2018-10-05,Left,2022-06-05,44.63333333333333
274,Female,22,IT,Executive,2018-08-21,Active,,89.66666666666667
275,Male,43,IT,Executive,2022-04-02,Active,,45.666666666666664
276,Female,50,IT,Analyst,2022-05-14,Active,,44.266666666666666
277,Male,29,HR,Manager,2021-01-18,Left,2024-05-21,40.63333333333333
278,Female,32,IT,Manager,2024-08-06,Active,,17.1
279,Male,58,HR,Manager,2018-01-26,Active,,96.56666666666666
280,Female,35,Finance,Analyst,2021-11-18,Active,,50.166666666666664
281,Female,51,Sales,Analyst,2024-12-29,Left,2029-03-14,51.2
282,Female,56,IT,Manager,2024-05-03,Active,,20.266666666666666
283,Female,42,Sales,Analyst,2019-04-06,Left,2023-02-02,46.6
284,Male,58,Sales,Manager,2024-11-08,Left,2029-07-04,56.63333333333333
285,Female,26,Finance,Analyst,2020-12-27,Active,,61.03333333333333
286,Male,40,Sales,Executive,2020-10-03,Left,2021-04-09,6.266666666666667
287,Male,35,HR,Executive,2023-06-18,Active,,30.933333333333334
288,Male,47,Sales,Manager,2019-05-06,Left,2020-09-30,17.1
289,Male,25,Sales,Analyst,2020-12-08,Active,,61.666666666666664
290,Female,46,Sales,Analyst,2018-08-04,Active,,90.23333333333333
291,Male,46,IT,Executive,2022-09-20,Active,,39.96666666666667
292,Male,39,IT,Executive,2022-05-12,Active,,44.333333333333336
293,Male,29,HR,Analyst,2018-06-08,Left,2022-08-22,51.2
294,Female,35,HR,Analyst,2024-12-11,Active,,12.866666666666667
295,Female,53,IT,Analyst,2019-11-17,Active,,74.56666666666666
296,Female,59,HR,Analyst,2022-11-12,Left,2026-02-20,39.86666666666667
297,Female,54,IT,Analyst,2023-08-15,Active,,29.0
298,Male,44,Finance,Analyst,2023-01-18,Active,,35.96666666666667
299,Male,36,Sales,Manager,2024-08-05,Left,2025-12-24,16.866666666666667
300,Female,54,Sales,Analyst,2024-11-11,Active,,13.866666666666667
301,Male,46,HR,Executive,2024-04-14,Left,2024-10-25,6.466666666666667
302,Male,38,IT,Manager,2022-05-09,Left,2025-02-20,33.93333333333333
303,Male,54,IT,Analyst,2022-08-24,Active,,40.86666666666667
304,Female,23,HR,Executive,2024-10-05,Active,,15.1
305,Female,35,IT,Manager,2023-05-01,Active,,32.53333333333333
306,Male,27,Finance,Executive,2023-08-25,Active,,28.666666666666668
307,Female,27,Sales,Analyst,2021-02-19,Left,2022-03-31,13.5
308,Female,24,HR,Analyst,2024-05-13,Active,,19.933333333333334
309,Female,28,HR,Analyst,2022-05-01,Active,,44.7
310,Female,29,IT,Analyst,2024-11-05,Active,,14.066666666666666
311,Female,36,HR,Manager,2024-10-29,Active,,14.3
312,Male,50,Finance,Manager,2024-03-07,Active,,22.166666666666668
313,Female,54,IT,Executive,2024-06-07,Active,,19.1
314,Male,51,IT,Analyst,2023-04-17,Active,,33.0
315,Male,48,IT,Executive,2022-10-24,Left,2027-04-09,54.266666666666666
316,Female,57,IT,Manager,2023-08-13,Left,2028-01-10,53.7
317,Male,50,Finance,Analyst,2020-09-16,Left,2021-07-05,9.733333333333333
318,Male,59,IT,Analyst,2022-03-22,Active,,46.03333333333333
319,Male,54,HR,Manager,2021-01-21,Active,,60.2
320,Female,58,Finance,Manager,2019-05-08,Active,,81.0
321,Female,48,Sales,Manager,2019-09-12,Active,,76.76666666666667
322,Male,54,Sales,Manager,2024-07-06,Active,,18.133333333333333
323,Female,25,HR,Manager,2024-07-08,Active,,18.066666666666666
324,Female,43,HR,Analyst,2023-09-29,Left,2028-03-17,54.36666666666667
325,Female,23,Finance,Manager,2022-03-27,Left,2022-09-23,6.0
326,Female,31,Sales,Analyst,2020-05-12,Active,,68.66666666666667
327,Male,26,Sales,Analyst,2022-08-19,Active,,41.03333333333333
328,Male,31,Sales,Manager,2022-05-25,Active,,43.9
329,Female,54,Sales,Manager,2024-05-08,Left,2025-07-27,14.833333333333334
330,Female,59,Sales,Analyst,2019-08-03,Left,2024-03-23,56.46666666666667
331,Male,34,IT,Manager,2023-03-06,Active,,34.4
332,Male,52,HR,Manager,2021-06-29,Left,2025-05-10,47.03333333333333
333,Female,57,IT,Manager,2023-01-30,Left,2026-03-06,37.7
334,Male,45,Sales,Executive,2024-10-29,Active,,14.3
335,Female,36,Finance,Analyst,2021-09-17,Left,2026-01-06,52.4
336,Female,50,Finance,Executive,2021-03-08,Active,,58.666666666666664
337,Male,29,Sales,Manager,2018-12-23,Active,,85.53333333333333
338,Male,26,Sales,Executive,2022-06-13,Left,2023-10-11,16.166666666666668
339,Female,50,Finance,Manager,2024-05-10,Active,,20.033333333333335
340,Female,25,IT,Executive,2023-06-30,Active,,30.533333333333335
341,Male,33,IT,Manager,2024-06-16,Active,,18.8
342,Female,23,Sales,Executive,2020-05-19,Active,,68.43333333333334
343,Male,48,IT,Executive,2020-06-04,Left,2020-12-12,6.366666666666666
344,Female,52,Finance,Executive,2023-06-25,Active,,30.7
345,Male,57,IT,Analyst,2024-01-11,Left,2028-04-07,51.6
346,Male,57,Sales,Executive,2021-11-14,Active,,50.3
347,Male,47,Finance,Analyst,2021-07-07,Active,,54.63333333333333
348,Female,48,IT,Manager,2019-09-12,Active,,76.76666666666667
349,Female,26,HR,Executive,2020-06-01,Active,,68.0
350,Male,41,Finance,Manager,2020-03-07,Left,2024-09-30,55.6
351,Female,32,Finance,Manager,2023-12-13,Left,2028-08-05,56.56666666666667
352,Male,31,HR,Executive,2021-07-20,Active,,54.2
353,Male,59,HR,Analyst,2019-09-11,Active,,76.8
354,Female,27,Finance,Executive,2023-01-09,Active,,36.266666666666666
355,Female,29,HR,Manager,2018-09-02,Left,2022-12-21,52.36666666666667
356,Male,44,Sales,Manager,2024-11-02,Active,,14.166666666666666
357,Female,47,Sales,Executive,2020-07-18,Left,2023-08-08,37.2
358,Female,33,Sales,Analyst,2021-06-24,Active,,55.06666666666667
359,Male,47,Finance,Analyst,2019-06-04,Active,,80.1
360,Male,34,HR,Manager,2024-08-06,Active,,17.1
361,Female,39,HR,Manager,2018-01-08,Active,,97.16666666666667
362,Male,46,IT,Analyst,2024-11-30,Active,,13.233333333333333
363,Male,54,IT,Executive,2023-07-13,Active,,30.1
364,Female,33,HR,Manager,2019-05-10,Active,,80.93333333333334
365,Male,57,HR,Analyst,2022-06-18,Active,,43.1
366,Male,25,HR,Manager,2020-11-28,Active,,62.0
367,Female,26,Finance,Executive,2018-07-06,Active,,91.2
368,Female,58,HR,Analyst,2023-02-21,Active,,34.833333333333336
369,Male,29,IT,Manager,2023-11-11,Active,,26.066666666666666
370,Male,49,Finance,Executive,2018-03-27,Active,,94.56666666666666
371,Female,52,HR,Manager,2018-05-17,Active,,92.86666666666666
372,Female,30,IT,Executive,2024-10-04,Left,2026-05-26,19.966666666666665
373,Female,50,Finance,Executive,2023-10-23,Active,,26.7
374,Female,35,HR,Analyst,2022-06-25,Active,,42.86666666666667
375,Male,43,HR,Executive,2024-01-28,Active,,23.466666666666665
376,Female,32,HR,Manager,2022-10-18,Active,,39.03333333333333
377,Female,44,Finance,Executive,2024-01-27,Active,,23.5
378,Male,22,IT,Executive,2022-11-23,Active,,37.833333333333336
379,Female,58,IT,Analyst,2020-05-21,Left,2023-04-24,35.6
380,Male,42,Sales,Executive,2024-06-27,Active,,18.433333333333334
381,Female,47,HR,Executive,2024-11-08,Active,,13.966666666666667
382,Female,57,Sales,Manager,2020-08-01,Active,,65.96666666666667
383,Female,44,Sales,Analyst,2022-06-15,Active,,43.2
384,Male,22,IT,Analyst,2018-12-15,Active,,85.8
385,Male,36,Finance,Analyst,2022-08-04,Left,2023-07-20,11.666666666666666
386,Female,42,Finance,Executive,2021-04-11,Active,,57.53333333333333
387,Male,30,IT,Analyst,2018-01-10,Active,,97.1
388,Male,30,Finance,Executive,2022-01-01,Left,2022-11-10,10.433333333333334
389,Male,31,Sales,Executive,2019-10-29,Left,2022-12-16,38.13333333333333
390,Male,47,HR,Manager,2022-03-03,Left,2026-08-19,54.333333333333336
391,Male,56,IT,Manager,2023-12-17,Active,,24.866666666666667
392,Male,46,HR,Manager,2019-08-24,Left,2023-01-03,40.93333333333333
393,Female,47,Finance,Manager,2018-11-23,Active,,86.53333333333333
394,Female,32,HR,Manager,2020-09-06,Active,,64.76666666666667
395,Male,59,Finance,Executive,2024-09-17,Active,,15.7
396,Female,23,Finance,Executive,2019-09-21,Left,2024-06-19,57.766666666666666
397,Female,28,Sales,Analyst,2022-06-18,Active,,43.1
398,Female,39,Finance,Executive,2018-10-01,Active,,88.3
399,Female,48,Sales,Executive,2019-11-16,Active,,74.6
400,Male,55,Sales,Manager,2018-04-26,Active,,93.56666666666666
401,Female,48,Sales,Executive,2020-05-10,Active,,68.73333333333333
402,Female,38,IT,Manager,2023-06-27,Active,,30.633333333333333
403,Male,45,IT,Analyst,2019-11-24,Active,,74.33333333333333
404,Male,46,Finance,Analyst,2021-01-10,Active,,60.56666666666667
405,Female,28,Sales,Executive,2024-06-29,Left,2028-04-22,46.43333333333333
406,Female,27,IT,Analyst,2023-12-02,Left,2027-08-07,44.8
407,Female,45,Sales,Executive,2022-11-28,Left,2027-09-21,58.6
408,Female,54,HR,Analyst,2018-06-03,Active,,92.3
409,Female,50,HR,Manager,2023-03-16,Active,,34.06666666666667
410,Female,43,HR,Manager,2021-11-28,Active,,49.833333333333336
411,Male,47,Finance,Manager,2021-07-13,Active,,54.43333333333333
412,Female,49,Sales,Manager,2018-11-11,Active,,86.93333333333334
413,Female,42,HR,Executive,2020-11-30,Active,,61.93333333333333
414,Male,28,IT,Analyst,2018-04-15,Active,,93.93333333333334
415,Male,38,HR,Executive,2023-04-09,Active,,33.266666666666666
416,Male,41,HR,Manager,2023-03-29,Active,,33.63333333333333
417,Male,41,HR,Executive,2021-05-01,Left,2023-08-16,27.9
418,Female,43,Finance,Analyst,2021-11-25,Left,2026-01-21,50.6
419,Female,49,IT,Executive,2024-07-29,Active,,17.366666666666667
420,Female,28,Sales,Analyst,2022-11-08,Active,,38.333333333333336
421,Female,22,IT,Executive,2023-05-15,Active,,32.06666666666667
422,Female,53,Sales,Analyst,2022-05-23,Left,2026-11-25,54.9
423,Female,34,Finance,Analyst,2019-12-10,Active,,73.8
424,Male,51,Finance,Manager,2019-10-13,Active,,75.73333333333333
425,Female,44,Finance,Analyst,2020-08-04,Active,,65.86666666666666
426,Male,40,Finance,Manager,2019-10-23,Active,,75.4
427,Male,53,Sales,Manager,2023-11-17,Active,,25.866666666666667
428,Female,51,HR,Manager,2024-05-18,Active,,19.766666666666666
429,Male,50,Sales,Executive,2024-09-16,Active,,15.733333333333333
430,Female,50,IT,Executive,2021-02-06,Left,2025-04-08,50.733333333333334
431,Male,51,Finance,Executive,2019-12-01,Left,2024-06-01,54.8
432,Female,37,Finance,Executive,2024-02-25,Active,,22.533333333333335
433,Male,40,IT,Analyst,2023-08-01,Active,,29.466666666666665
434,Female,39,Sales,Analyst,2024-07-02,Active,,18.266666666666666
435,Female,22,HR,Executive,2024-01-11,Active,,24.033333333333335
436,Female,35,HR,Analyst,2019-07-06,Active,,79.03333333333333
437,Female,23,IT,Analyst,2019-02-09,Active,,83.93333333333334
438,Female,49,HR,Manager,2019-04-07,Active,,82.03333333333333
439,Male,51,Sales,Manager,2023-12-20,Active,,24.766666666666666
440,Male,59,Sales,Manager,2020-05-23,Active,,68.3
441,Male,25,IT,Manager,2018-03-25,Active,,94.63333333333334
442,Female,22,Sales,Analyst,2021-11-23,Active,,50.0
443,Male,29,Finance,Executive,2018-08-09,Active,,90.06666666666666
444,Female,50,IT,Analyst,2021-10-23,Left,2025-05-10,43.166666666666664
445,Female,24,Sales,Analyst,2018-04-22,Active,,93.7
446,Male,53,IT,Analyst,2019-09-07,Active,,76.93333333333334
447,Male,31,HR,Manager,2022-05-01,Left,2023-04-24,11.933333333333334
448,Female,31,Sales,Manager,2019-04-20,Active,,81.6
449,Male,40,Finance,Manager,2023-03-29,Active,,33.63333333333333
450,Female,55,Sales,Executive,2018-09-28,Left,2022-03-10,41.96666666666667
451,Female,54,IT,Analyst,2024-10-04,Active,,15.133333333333333
452,Female,44,IT,Executive,2023-04-05,Left,2026-12-23,45.266666666666666
453,Female,49,Sales,Manager,2021-10-22,Left,2022-08-08,9.666666666666666
454,Female,53,Finance,Executive,2018-02-09,Active,,96.1
455,Male,28,Finance,Analyst,2023-06-06,Active,,31.333333333333332
456,Male,50,Finance,Analyst,2024-02-15,Left,2024-12-27,10.533333333333333
457,Female,29,IT,Manager,2020-09-20,Active,,64.3
458,Female,22,Sales,Manager,2023-07-06,Active,,30.333333333333332
459,Male,24,HR,Executive,2018-10-17,Left,2019-12-02,13.7
460,Male,45,IT,Manager,2024-10-16,Left,2027-12-31,39.03333333333333
461,Female,44,Finance,Manager,2024-11-23,Active,,13.466666666666667
462,Male,29,Sales,Analyst,2018-10-06,Active,,88.13333333333334
463,Female,58,Finance,Manager,2019-08-04,Active,,78.06666666666666
464,Male,24,HR,Manager,2020-05-12,Active,,68.66666666666667
465,Female,54,Finance,Analyst,2018-09-11,Active,,88.96666666666667
466,Male,49,Finance,Analyst,2018-06-30,Active,,91.4
467,Female,29,HR,Executive,2019-11-12,Active,,74.73333333333333
468,Male,55,Sales,Manager,2020-04-04,Active,,69.93333333333334
469,Male,56,IT,Analyst,2019-12-01,Active,,74.1
470,Female,53,Sales,Executive,2021-09-11,Left,2023-06-20,21.566666666666666
471,Male,45,HR,Executive,2021-10-12,Left,2024-04-10,30.366666666666667
472,Female,35,Finance,Manager,2022-08-01,Active,,41.63333333333333
473,Male,53,Sales,Manager,2024-09-04,Active,,16.133333333333333
474,Female,37,IT,Executive,2022-06-27,Left,2024-04-17,22.0
475,Male,25,HR,Analyst,2023-05-12,Active,,32.166666666666664
476,Female,58,Sales,Executive,2018-07-31,Active,,90.36666666666666
477,Male,42,IT,Manager,2022-03-19,Active,,46.13333333333333
478,Female,35,HR,Analyst,2019-01-19,Active,,84.63333333333334
479,Male,52,IT,Analyst,2022-09-11,Active,,40.266666666666666
480,Female,39,HR,Executive,2018-12-08,Active,,86.03333333333333
481,Female,28,Finance,Manager,2023-01-13,Active,,36.13333333333333
482,Female,31,Sales,Executive,2023-06-11,Active,,31.166666666666668
483,Male,28,IT,Executive,2020-04-23,Active,,69.3
484,Female,54,HR,Executive,2022-03-15,Active,,46.266666666666666
485,Male,44,IT,Analyst,2019-02-24,Active,,83.43333333333334
486,Female,42,IT,Analyst,2023-06-12,Left,2026-12-04,42.36666666666667
487,Male,40,Sales,Manager,2023-04-17,Left,2026-01-04,33.1
488,Female,40,Finance,Manager,2023-01-24,Active,,35.766666666666666
489,Male,57,IT,Executive,2018-11-02,Active,,87.23333333333333
490,Male,50,HR,Executive,2020-05-18,Active,,68.46666666666667
491,Female,39,HR,Executive,2021-02-09,Left,2025-01-31,48.4
492,Male,23,Finance,Manager,2021-12-05,Active,,49.6
493,Male,22,HR,Analyst,2018-07-25,Active,,90.56666666666666
494,Female,26,Finance,Analyst,2019-05-11,Active,,80.9
495,Male,41,HR,Executive,2023-03-25,Active,,33.766666666666666
496,Male,32,Sales,Executive,2024-12-26,Active,,12.366666666666667
497,Male,23,IT,Executive,2020-11-11,Active,,62.56666666666667
498,Female,24,Sales,Executive,2018-08-01,Active,,90.33333333333333
499,Male,44,IT,Manager,2018-11-06,Left,2022-01-22,39.1
500,Female,33,IT,Analyst,2023-06-15,Active,,31.033333333333335
501,Male,41,IT,Executive,2018-09-29,Active,,88.36666666666666
502,Male,26,Sales,Manager,2022-12-28,Active,,36.666666666666664
503,Male,58,IT,Executive,2023-09-11,Left,2025-01-25,16.733333333333334
504,Female,59,Sales,Executive,2019-03-19,Active,,82.66666666666667
505,Male,51,Finance,Analyst,2024-01-19,Active,,23.766666666666666
506,Male,30,HR,Executive,2018-09-11,Left,2021-09-16,36.7
507,Female,55,HR,Analyst,2019-06-05,Active,,80.06666666666666
508,Male,56,IT,Analyst,2020-09-03,Active,,64.86666666666666
509,Female,43,Sales,Analyst,2018-01-10,Active,,97.1
510,Female,45,HR,Manager,2024-12-27,Active,,12.333333333333334
511,Male,38,Sales,Manager,2022-05-03,Left,2025-04-20,36.1
512,Female,31,Sales,Analyst,2024-10-19,Active,,14.633333333333333
513,Male,51,IT,Executive,2021-02-08,Left,2025-10-26,57.36666666666667
514,Female,44,HR,Analyst,2018-06-02,Active,,92.33333333333333
515,Female,53,IT,Executive,2022-07-17,Active,,42.13333333333333
516,Male,38,IT,Analyst,2023-01-31,Active,,35.53333333333333
517,Female,38,HR,Executive,2021-04-29,Left,2025-10-20,54.5
518,Female,35,HR,Manager,2022-10-19,Active,,39.0
519,Female,30,Finance,Executive,2021-01-09,Active,,60.6
520,Female,23,Finance,Analyst,2024-12-11,Active,,12.866666666666667
521,Female,46,Sales,Manager,2020-06-13,Active,,67.6
522,Male,30,HR,Executive,2021-01-16,Active,,60.36666666666667
523,Female,43,Finance,Executive,2018-04-14,Active,,93.96666666666667
524,Male,25,Sales,Executive,2023-03-30,Active,,33.6
525,Female,47,Sales,Executive,2020-10-03,Active,,63.86666666666667
526,Male,50,Sales,Executive,2019-02-11,Left,2023-09-28,56.333333333333336
527,Male,55,Finance,Manager,2021-11-02,Active,,50.7
528,Female,44,HR,Manager,2018-06-16,Active,,91.86666666666666
529,Female,58,IT,Manager,2019-05-24,Active,,80.46666666666667
530,Female,32,Sales,Manager,2022-07-20,Active,,42.03333333333333
531,Male,27,Finance,Analyst,2024-06-18,Left,2026-08-12,26.166666666666668
532,Female,39,Finance,Manager,2020-02-02,Active,,72.0
533,Male,42,IT,Executive,2019-11-12,Left,2021-07-12,20.266666666666666
534,Male,57,IT,Executive,2024-11-29,Left,2028-12-10,49.06666666666667
535,Male,59,Finance,Manager,2023-10-22,Active,,26.733333333333334
536,Female,55,HR,Executive,2021-03-10,Left,2025-12-14,58.0
537,Female,38,IT,Manager,2019-08-05,Active,,78.03333333333333
538,Male,58,Finance,Executive,2018-09-19,Left,2019-08-12,10.9
539,Male,46,IT,Analyst,2021-09-25,Active,,51.96666666666667
540,Female,59,HR,Analyst,2021-08-24,Active,,53.03333333333333
541,Male,33,Sales,Manager,2024-04-11,Left,2027-11-23,44.03333333333333
542,Female,44,IT,Manager,2022-03-19,Active,,46.13333333333333
543,Male,43,HR,Manager,2019-07-15,Active,,78.73333333333333
544,Female,42,Finance,Executive,2021-01-04,Active,,60.766666666666666
545,Male,48,IT,Manager,2023-03-19,Left,2026-01-11,34.3
546,Female,52,IT,Analyst,2018-06-24,Active,,91.6
547,Male,27,Finance,Executive,2023-11-27,Active,,25.533333333333335
548,Female,48,Sales,Manager,2024-02-09,Active,,23.066666666666666
549,Female,55,Finance,Executive,2018-07-11,Active,,91.03333333333333
550,Male,33,IT,Executive,2018-03-06,Active,,95.26666666666667
551,Male,28,Finance,Manager,2022-02-06,Active,,47.5
552,Female,31,HR,Executive,2022-04-17,Active,,45.166666666666664
553,Male,38,Finance,Analyst,2021-02-25,Active,,59.03333333333333
554,Female,47,IT,Analyst,2023-04-22,Active,,32.833333333333336
555,Male,42,Finance,Executive,2019-01-04,Active,,85.13333333333334
556,Female,49,Sales,Manager,2020-04-30,Active,,69.06666666666666
557,Female,23,Finance,Executive,2018-02-12,Active,,96.0
558,Female,22,Sales,Analyst,2023-03-23,Left,2024-09-19,18.2
559,Female,57,HR,Executive,2024-12-10,Active,,12.9
560,Female,47,Sales,Executive,2018-03-19,Active,,94.83333333333333
561,Female,50,Finance,Analyst,2022-12-30,Active,,36.6
562,Male,42,IT,Executive,2021-07-17,Active,,54.3
563,Male,32,Sales,Executive,2019-11-05,Active,,74.96666666666667
564,Male,32,HR,Manager,2019-12-02,Active,,74.06666666666666
565,Female,57,Sales,Manager,2020-01-29,Active,,72.13333333333334
566,Female,56,Sales,Analyst,2023-04-08,Active,,33.3
567,Female,55,Sales,Analyst,2020-06-20,Active,,67.36666666666666
568,Female,45,HR,Analyst,2020-09-19,Active,,64.33333333333333
569,Male,43,Finance,Manager,2021-04-06,Active,,57.7
570,Male,26,Sales,Analyst,2024-07-14,Active,,17.866666666666667
571,Female,54,Sales,Analyst,2024-02-19,Active,,22.733333333333334
572,Male,57,IT,Analyst,2022-01-16,Left,2024-11-10,34.3
573,Male,41,HR,Manager,2024-05-19,Active,,19.733333333333334
574,Female,40,Sales,Executive,2019-01-25,Left,2022-07-17,42.3
575,Male,56,HR,Analyst,2020-09-26,Active,,64.1
576,Female,38,Sales,Executive,2019-06-09,Active,,79.93333333333334
577,Male,55,Finance,Analyst,2023-01-30,Active,,35.56666666666667
578,Female,30,Finance,Executive,2022-02-15,Active,,47.2
579,Female,47,Sales,Manager,2019-10-21,Active,,75.46666666666667
580,Female,23,Finance,Manager,2020-06-09,Active,,67.73333333333333
581,Female,30,Sales,Analyst,2022-01-21,Active,,48.03333333333333
582,Male,30,Finance,Executive,2019-03-28,Active,,82.36666666666666
583,Female,38,IT,Manager,2024-10-11,Active,,14.9
584,Female,22,IT,Analyst,2022-03-18,Active,,46.166666666666664
585,Female,46,IT,Analyst,2020-06-01,Active,,68.0
586,Male,46,HR,Manager,2018-11-09,Active,,87.0
587,Female,56,HR,Manager,2020-04-19,Left,2023-01-06,33.06666666666667
588,Male,24,IT,Analyst,2019-01-10,Active,,84.93333333333334
589,Female,58,HR,Executive,2019-03-27,Active,,82.4
590,Male,51,Finance,Executive,2019-08-18,Active,,77.6
591,Male,59,Sales,Executive,2021-05-18,Left,2025-09-07,52.43333333333333
592,Female,55,Sales,Analyst,2019-05-15,Active,,80.76666666666667
593,Male,33,Sales,Manager,2019-04-09,Left,2020-03-28,11.8
594,Female,40,IT,Analyst,2018-04-23,Active,,93.66666666666667
595,Female,58,HR,Manager,2020-11-01,Left,2022-12-08,25.566666666666666
596,Female,38,Finance,Executive,2024-07-06,Active,,18.133333333333333
597,Male,31,Finance,Executive,2023-04-09,Active,,33.266666666666666
598,Male,33,IT,Manager,2018-05-20,Active,,92.76666666666667
599,Female,37,Finance,Manager,2021-11-25,Left,2023-09-30,22.466666666666665
600,Female,45,Finance,Analyst,2019-06-01,Left,2022-07-27,38.4
601,Male,40,Finance,Executive,2023-05-02,Active,,32.5
602,Female,29,Finance,Analyst,2023-12-06,Active,,25.233333333333334
603,Female,52,HR,Analyst,2020-06-06,Active,,67.83333333333333
604,Female,42,Finance,Analyst,2021-09-03,Left,2025-04-12,43.9
605,Male,38,Sales,Executive,2018-02-19,Active,,95.76666666666667
606,Male,44,IT,Analyst,2018-01-19,Left,2021-08-25,43.8
607,Male,58,HR,Analyst,2019-12-27,Left,2024-06-25,54.733333333333334
608,Female,37,Finance,Analyst,2024-02-23,Active,,22.6
609,Female,27,HR,Analyst,2022-01-13,Active,,48.3
610,Female,29,Finance,Analyst,2019-03-28,Left,2022-12-07,45.0
611,Male,46,Sales,Analyst,2024-05-25,Left,2024-12-25,7.133333333333334
612,Female,39,IT,Executive,2021-03-10,Left,2024-05-31,39.266666666666666
613,Female,46,Finance,Analyst,2021-01-12,Active,,60.5
614,Female,33,Finance,Manager,2024-09-04,Active,,16.133333333333333
615,Female,36,Finance,Analyst,2018-08-03,Left,2022-09-23,50.4
616,Male,47,Finance,Analyst,2022-03-30,Left,2024-03-16,23.9
617,Male,47,IT,Executive,2024-03-12,Active,,22.0
618,Female,53,IT,Executive,2018-05-08,Active,,93.16666666666667
619,Male,31,Sales,Manager,2023-01-20,Active,,35.9
620,Male,37,IT,Manager,2020-01-30,Left,2022-08-16,30.966666666666665
621,Female,28,Finance,Executive,2024-09-17,Left,2028-01-17,40.56666666666667
622,Female,38,Sales,Executive,2022-12-21,Active,,36.9
623,Male,44,Sales,Analyst,2024-07-13,Active,,17.9
624,Female,47,Sales,Executive,2018-12-27,Left,2020-07-02,18.433333333333334
625,Male,42,Finance,Manager,2019-07-23,Active,,78.46666666666667
626,Female,43,HR,Analyst,2021-11-16,Left,2023-11-22,24.533333333333335
627,Male,28,Finance,Manager,2024-03-15,Active,,21.9
628,Female,35,IT,Analyst,2022-05-17,Active,,44.166666666666664
629,Male,36,IT,Executive,2022-08-20,Left,2027-02-06,54.36666666666667
630,Male,28,Finance,Manager,2018-07-21,Active,,90.7
631,Male,30,Finance,Analyst,2023-08-27,Active,,28.6
632,Female,29,Sales,Analyst,2024-06-27,Active,,18.433333333333334
633,Male,44,Finance,Executive,2019-06-02,Active,,80.16666666666667
634,Male,50,Sales,Executive,2021-09-10,Active,,52.46666666666667
635,Female,39,IT,Executive,2021-12-06,Active,,49.56666666666667
636,Female,52,Sales,Manager,2021-09-03,Active,,52.7
637,Male,51,Finance,Analyst,2019-11-12,Active,,74.73333333333333
638,Male,56,IT,Executive,2023-06-12,Active,,31.133333333333333
639,Female,39,HR,Manager,2022-01-31,Active,,47.7
640,Female,38,Sales,Manager,2019-03-01,Left,2020-04-16,13.733333333333333
641,Female,35,IT,Manager,2023-05-23,Active,,31.8
642,Female,52,Sales,Executive,2022-09-09,Active,,40.333333333333336
643,Female,45,IT,Executive,2024-08-31,Active,,16.266666666666666
644,Male,56,IT,Analyst,2020-02-17,Left,2022-07-20,29.466666666666665
645,Female,55,Sales,Analyst,2023-11-16,Left,2025-11-27,24.733333333333334
646,Male,24,HR,Executive,2023-01-01,Active,,36.53333333333333
647,Male,58,IT,Manager,2018-07-27,Active,,90.5
648,Male,47,IT,Manager,2022-03-18,Left,2025-04-09,37.266666666666666
649,Female,44,IT,Manager,2022-07-18,Active,,42.1
650,Male,36,HR,Analyst,2024-01-23,Active,,23.633333333333333
651,Male,25,HR,Manager,2018-01-22,Active,,96.7
652,Female,50,Finance,Analyst,2018-06-03,Left,2021-05-04,35.53333333333333
653,Male,43,Sales,Analyst,2023-05-17,Left,2025-11-07,30.166666666666668
654,Male,46,HR,Manager,2018-08-07,Active,,90.13333333333334
655,Female,34,Sales,Manager,2019-10-31,Left,2024-04-30,54.766666666666666
656,Male,39,Finance,Executive,2022-02-27,Active,,46.8
657,Male,54,Sales,Executive,2024-03-27,Active,,21.5
658,Male,37,HR,Manager,2023-08-30,Active,,28.5
659,Female,23,Sales,Analyst,2020-08-07,Active,,65.76666666666667
660,Female,56,HR,Analyst,2024-01-05,Active,,24.233333333333334
661,Female,55,Sales,Analyst,2019-02-07,Left,2023-10-09,56.833333333333336
662,Male,51,HR,Analyst,2019-08-19,Active,,77.56666666666666
663,Male,34,HR,Analyst,2024-08-11,Active,,16.933333333333334
664,Female,34,Sales,Executive,2021-12-08,Active,,49.5
665,Male,39,Finance,Manager,2021-03-03,Left,2025-03-20,49.266666666666666
666,Male,53,IT,Executive,2022-10-09,Left,2023-06-21,8.5
667,Female,53,Finance,Analyst,2021-07-30,Active,,53.86666666666667
668,Female,56,Sales,Analyst,2018-03-14,Active,,95.0
669,Male,50,Finance,Analyst,2019-04-26,Active,,81.4
670,Male,50,HR,Analyst,2019-07-14,Active,,78.76666666666667
671,Male,37,IT,Manager,2020-01-15,Left,2021-09-24,20.6
672,Female,31,Sales,Analyst,2022-01-06,Left,2024-06-02,29.266666666666666
673,Female,51,Sales,Manager,2018-04-10,Active,,94.1
674,Female,46,Sales,Analyst,2020-12-18,Active,,61.333333333333336
675,Female,41,IT,Manager,2024-12-30,Left,2029-01-30,49.733333333333334
676,Male,26,HR,Executive,2024-04-24,Active,,20.566666666666666
677,Female,22,Sales,Analyst,2019-02-17,Active,,83.66666666666667
678,Female,51,Finance,Manager,2020-12-24,Active,,61.13333333333333
679,Female,24,Sales,Executive,2021-03-23,Active,,58.166666666666664
680,Female,35,Sales,Analyst,2023-07-02,Active,,30.466666666666665
681,Female,51,Sales,Analyst,2024-05-02,Left,2027-05-01,36.46666666666667
682,Male,25,Sales,Analyst,2020-03-31,Active,,70.06666666666666
683,Male,39,HR,Manager,2019-10-24,Left,2024-08-01,58.1
684,Female,58,Finance,Manager,2019-07-14,Active,,78.76666666666667
685,Male,46,HR,Executive,2021-06-25,Active,,55.03333333333333
686,Female,22,Finance,Manager,2022-12-19,Active,,36.96666666666667
687,Female,36,Sales,Manager,2019-09-02,Active,,77.1
688,Male,30,IT,Analyst,2024-09-27,Active,,15.366666666666667
689,Male,36,HR,Analyst,2018-01-25,Left,2020-12-30,35.666666666666664
690,Female,45,IT,Analyst,2023-07-22,Active,,29.8
691,Female,25,HR,Analyst,2018-10-11,Active,,87.96666666666667
692,Female,33,Sales,Analyst,2022-01-12,Active,,48.333333333333336
693,Male,58,HR,Analyst,2018-10-28,Active,,87.4
694,Female,58,Sales,Analyst,2020-12-27,Left,2023-05-17,29.033333333333335
695,Female,27,HR,Executive,2020-10-27,Active,,63.06666666666667
696,Female,45,Sales,Executive,2020-03-27,Left,2021-06-02,14.4
697,Male,32,Sales,Executive,2018-03-24,Active,,94.66666666666667
698,Female,34,Finance,Executive,2023-04-05,Active,,33.4
699,Female,55,Sales,Analyst,2023-09-25,Active,,27.633333333333333
700,Male,46,Finance,Executive,2019-09-10,Active,,76.83333333333333
701,Female,28,Sales,Analyst,2024-04-28,Active,,20.433333333333334
702,Female,25,IT,Executive,2018-06-25,Active,,91.56666666666666
703,Male,29,Sales,Manager,2021-04-04,Active,,57.766666666666666
704,Female,41,IT,Executive,2020-04-21,Active,,69.36666666666666
705,Male,50,IT,Executive,2019-01-05,Active,,85.1
706,Male,31,Sales,Analyst,2022-12-24,Active,,36.8
707,Female,55,IT,Executive,2023-10-03,Active,,27.366666666666667
708,Female,47,Finance,Manager,2019-11-21,Active,,74.43333333333334
709,Female,24,HR,Analyst,2022-11-15,Active,,38.1
710,Female,27,Sales,Analyst,2021-09-26,Active,,51.93333333333333
711,Male,26,IT,Executive,2021-12-03,Left,2025-07-24,44.3
712,Female,26,Sales,Analyst,2019-01-02,Active,,85.2
713,Male,44,Finance,Analyst,2019-10-06,Active,,75.96666666666667
714,Female,30,Sales,Analyst,2024-08-23,Active,,16.533333333333335
715,Female,56,Sales,Analyst,2018-03-14,Active,,95.0
716,Female,41,IT,Analyst,2021-06-25,Active,,55.03333333333333
717,Male,56,Finance,Analyst,2020-05-09,Left,2024-02-18,46.0
718,Female,39,HR,Manager,2018-02-12,Active,,96.0
719,Female,38,HR,Executive,2024-08-21,Left,2028-01-13,41.333333333333336
720,Female,45,IT,Manager,2020-11-30,Active,,61.93333333333333
721,Female,24,Sales,Analyst,2024-01-27,Active,,23.5
722,Male,53,IT,Analyst,2024-03-09,Active,,22.1
723,Female,56,IT,Executive,2022-02-25,Left,2023-10-07,19.633333333333333
724,Male,59,IT,Manager,2023-09-18,Active,,27.866666666666667
725,Male,34,Sales,Executive,2019-01-04,Active,,85.13333333333334
726,Male,46,Finance,Manager,2018-05-31,Active,,92.4
727,Male,30,IT,Analyst,2021-02-08,Left,2021-12-11,10.2
728,Male,25,Sales,Executive,2022-02-12,Left,2026-09-25,56.2
729,Male,35,Finance,Executive,2021-12-30,Active,,48.766666666666666
730,Female,58,IT,Analyst,2020-12-06,Active,,61.733333333333334
731,Male,55,HR,Executive,2020-10-20,Active,,63.3
732,Male,32,Finance,Manager,2022-05-18,Active,,44.13333333333333
733,Male,24,IT,Manager,2023-08-03,Active,,29.4
734,Female,49,Finance,Manager,2021-10-21,Active,,51.1
735,Female,50,Finance,Manager,2018-03-10,Active,,95.13333333333334
736,Male,30,Finance,Analyst,2024-06-04,Active,,19.2
737,Female,24,Finance,Executive,2020-08-01,Active,,65.96666666666667
738,Male,46,Finance,Manager,2020-03-12,Active,,70.7
739,Male,55,Finance,Analyst,2024-06-01,Active,,19.3
740,Female,33,IT,Executive,2024-02-29,Active,,22.4
741,Male,30,HR,Executive,2018-03-02,Left,2021-12-02,45.7
742,Female,36,Sales,Analyst,2020-08-03,Active,,65.9
743,Female,46,Finance,Analyst,2021-08-30,Left,2023-10-10,25.7
744,Male,26,Sales,Manager,2021-03-30,Active,,57.93333333333333
745,Male,32,IT,Executive,2018-11-27,Active,,86.4
746,Female,55,Finance,Executive,2022-04-01,Left,2023-07-18,15.766666666666667
747,Male,45,HR,Analyst,2018-12-04,Left,2023-02-27,51.53333333333333
748,Male,36,Sales,Executive,2022-06-18,Left,2025-09-29,39.96666666666667
749,Male,59,Finance,Manager,2021-08-20,Active,,53.166666666666664
750,Female,29,IT,Executive,2022-03-07,Active,,46.53333333333333
751,Female,26,HR,Analyst,2022-08-01,Left,2023-12-03,16.3
752,Male,47,Sales,Analyst,2021-09-23,Active,,52.03333333333333
753,Female,39,Sales,Manager,2022-04-23,Active,,44.96666666666667
754,Female,27,Finance,Manager,2018-10-02,Active,,88.26666666666667
755,Female,58,HR,Executive,2021-04-02,Active,,57.833333333333336
756,Female,34,HR,Executive,2024-06-24,Active,,18.533333333333335
757,Female,49,HR,Analyst,2024-12-26,Active,,12.366666666666667
758,Male,26,HR,Manager,2024-08-31,Left,2026-12-20,28.033333333333335
759,Male,34,IT,Manager,2023-06-17,Left,2025-05-24,23.566666666666666
760,Male,38,HR,Manager,2020-05-19,Active,,68.43333333333334
761,Female,53,Sales,Executive,2020-10-11,Left,2022-09-30,23.966666666666665
762,Female,50,Sales,Manager,2023-03-27,Active,,33.7
763,Male,24,IT,Analyst,2019-08-26,Active,,77.33333333333333
764,Female,55,Sales,Analyst,2022-12-05,Active,,37.43333333333333
765,Male,48,Sales,Executive,2019-11-22,Left,2021-07-12,19.933333333333334
766,Male,34,HR,Executive,2019-05-09,Active,,80.96666666666667
767,Male,54,Sales,Manager,2019-05-05,Active,,81.1
768,Female,27,IT,Executive,2024-12-31,Active,,12.2
769,Female,45,HR,Analyst,2019-01-25,Left,2020-10-09,20.766666666666666
770,Male,40,Finance,Manager,2018-10-22,Active,,87.6
771,Male,37,HR,Analyst,2021-10-24,Active,,51.0
772,Male,49,IT,Manager,2022-09-14,Active,,40.166666666666664
773,Male,54,HR,Executive,2019-10-11,Active,,75.8
774,Female,34,HR,Manager,2023-02-17,Left,2025-06-30,28.8
775,Female,46,IT,Manager,2019-07-22,Left,2024-05-17,58.7
776,Male,57,HR,Analyst,2019-03-21,Active,,82.6
777,Male,48,IT,Analyst,2018-12-29,Active,,85.33333333333333
778,Female,59,IT,Manager,2023-12-11,Active,,25.066666666666666
779,Female,28,Finance,Executive,2021-04-26,Active,,57.03333333333333
780,Male,26,Sales,Executive,2020-01-12,Left,2022-10-27,33.96666666666667
781,Male,52,Sales,Analyst,2023-08-04,Active,,29.366666666666667
782,Male,44,HR,Executive,2019-11-11,Active,,74.76666666666667
783,Female,31,HR,Analyst,2024-10-03,Active,,15.166666666666666
784,Female,53,Finance,Executive,2022-07-01,Active,,42.666666666666664
785,Female,51,Finance,Manager,2022-04-22,Active,,45.0
786,Male,52,Finance,Analyst,2021-09-20,Active,,52.13333333333333
787,Male,39,IT,Analyst,2023-11-10,Active,,26.1
788,Female,57,Finance,Manager,2018-03-04,Active,,95.33333333333333
789,Female,23,Finance,Analyst,2021-03-08,Active,,58.666666666666664
790,Male,35,HR,Executive,2021-05-13,Active,,56.46666666666667
791,Female,34,Finance,Executive,2018-09-13,Left,2019-11-02,13.833333333333334
792,Female,50,IT,Analyst,2018-05-15,Active,,92.93333333333334
793,Male,33,IT,Executive,2020-05-24,Left,2024-11-21,54.733333333333334
794,Female,23,HR,Analyst,2020-04-01,Active,,70.03333333333333
795,Male,53,Finance,Manager,2023-11-06,Active,,26.233333333333334
796,Male,34,Finance,Analyst,2020-04-02,Active,,70.0
797,Male,48,IT,Manager,2020-08-31,Left,2021-09-28,13.1
798,Male,38,Finance,Executive,2022-11-13,Active,,38.166666666666664
799,Male,52,Finance,Manager,2018-05-01,Active,,93.4
800,Male,55,Finance,Executive,2022-06-26,Active,,42.833333333333336
801,Male,45,Sales,Analyst,2021-09-26,Active,,51.93333333333333
802,Female,56,HR,Executive,2020-10-04,Active,,63.833333333333336
803,Male,27,Sales,Analyst,2020-07-13,Left,2021-04-03,8.8
804,Male,40,HR,Analyst,2019-10-07,Left,2022-06-06,32.43333333333333
805,Female,51,IT,Manager,2023-07-26,Active,,29.666666666666668
806,Female,28,Finance,Manager,2023-08-31,Active,,28.466666666666665
807,Female,31,HR,Manager,2018-08-30,Active,,89.36666666666666
808,Male,53,Sales,Manager,2024-11-07,Left,2025-07-29,8.8
809,Female,55,Finance,Executive,2024-06-08,Active,,19.066666666666666
810,Male,49,IT,Executive,2022-06-08,Active,,43.43333333333333
811,Male,36,HR,Executive,2020-03-13,Active,,70.66666666666667
812,Male,51,HR,Analyst,2020-08-21,Left,2025-04-09,56.4
813,Male,58,HR,Executive,2018-03-10,Left,2018-11-09,8.133333333333333
814,Female,50,Finance,Executive,2021-02-26,Active,,59.0
815,Female,43,Sales,Executive,2018-07-15,Active,,90.9
816,Male,25,Sales,Manager,2023-12-28,Active,,24.5
817,Male,41,HR,Executive,2024-05-19,Left,2026-09-08,28.066666666666666
818,Male,53,IT,Analyst,2024-06-17,Active,,18.766666666666666
819,Female,57,IT,Manager,2020-01-16,Active,,72.56666666666666
820,Male,25,Sales,Analyst,2022-08-16,Active,,41.13333333333333
821,Male,48,IT,Executive,2018-10-04,Active,,88.2
822,Female,38,Sales,Manager,2018-03-02,Active,,95.4
823,Female,33,HR,Analyst,2023-03-29,Left,2025-06-12,26.866666666666667
824,Male,43,Sales,Executive,2023-10-01,Active,,27.433333333333334
825,Female,38,Sales,Analyst,2024-01-10,Active,,24.066666666666666
826,Female,31,HR,Analyst,2022-11-08,Active,,38.333333333333336
827,Male,22,IT,Analyst,2021-08-27,Active,,52.93333333333333
828,Female,43,Sales,Executive,2023-01-12,Left,2023-09-12,8.1
829,Male,47,Sales,Executive,2019-07-21,Left,2023-10-14,51.53333333333333
830,Female,39,HR,Analyst,2022-04-21,Active,,45.03333333333333
831,Male,35,IT,Manager,2019-09-14,Left,2022-10-06,37.266666666666666
832,Male,50,Sales,Manager,2023-07-19,Left,2026-07-21,36.6
833,Male,33,HR,Executive,2021-04-15,Active,,57.4
834,Female,57,Sales,Executive,2018-11-10,Active,,86.96666666666667
835,Male,56,Finance,Executive,2023-11-15,Active,,25.933333333333334
836,Female,33,HR,Executive,2021-05-21,Active,,56.2
837,Male,28,IT,Executive,2018-05-17,Active,,92.86666666666666
838,Male,50,IT,Manager,2020-10-26,Active,,63.1
839,Female,32,IT,Executive,2023-11-27,Active,,25.533333333333335
840,Male,54,IT,Analyst,2019-10-24,Active,,75.36666666666666
841,Male,27,Sales,Analyst,2024-10-08,Active,,15.0
842,Female,36,Sales,Manager,2024-04-27,Active,,20.466666666666665
843,Male,53,IT,Analyst,2018-03-28,Active,,94.53333333333333
844,Male,32,IT,Manager,2024-11-17,Active,,13.666666666666666
845,Male,44,IT,Manager,2023-10-25,Active,,26.633333333333333
846,Male,47,Sales,Analyst,2024-11-23,Left,2029-02-25,51.833333333333336
847,Female,55,IT,Executive,2024-09-27,Active,,15.366666666666667
848,Female,55,IT,Analyst,2024-11-09,Left,2028-08-01,45.36666666666667
849,Male,50,Finance,Analyst,2021-08-01,Active,,53.8
850,Female,25,Finance,Manager,2022-08-28,Active,,40.733333333333334
851,Male,38,IT,Analyst,2019-05-10,Active,,80.93333333333334
852,Female,56,HR,Manager,2022-07-06,Active,,42.5
853,Male,34,IT,Executive,2023-04-27,Active,,32.666666666666664
854,Male,36,Finance,Executive,2020-12-04,Active,,61.8
855,Male,50,HR,Executive,2021-11-25,Active,,49.93333333333333
856,Male,50,HR,Analyst,2019-08-20,Active,,77.53333333333333
857,Male,32,IT,Manager,2019-03-26,Left,2024-02-20,59.733333333333334
858,Male,53,Finance,Executive,2019-04-30,Left,2021-02-28,22.333333333333332
859,Female,23,Finance,Manager,2019-10-08,Active,,75.9
860,Male,35,HR,Manager,2022-06-18,Active,,43.1
861,Female,41,IT,Executive,2019-10-24,Active,,75.36666666666666
862,Male,43,Sales,Executive,2020-01-28,Active,,72.16666666666667
863,Female,32,Sales,Manager,2018-10-16,Left,2023-05-09,55.53333333333333
864,Female,48,Finance,Executive,2019-12-22,Left,2023-11-19,47.6
865,Female,24,Sales,Manager,2019-09-30,Active,,76.16666666666667
866,Male,38,Finance,Manager,2024-04-01,Left,2025-08-06,16.4
867,Male,49,Finance,Executive,2024-09-29,Active,,15.3
868,Female,50,Finance,Analyst,2019-05-14,Active,,80.8
869,Male,42,Sales,Executive,2019-09-26,Active,,76.3
870,Female,37,Finance,Analyst,2022-08-01,Left,2024-10-03,26.466666666666665
871,Male,58,HR,Manager,2023-07-24,Left,2026-07-26,36.6
872,Female,41,IT,Manager,2018-04-25,Left,2021-01-11,33.06666666666667
873,Female,27,IT,Analyst,2019-11-05,Active,,74.96666666666667
874,Male,40,Finance,Manager,2022-10-03,Active,,39.53333333333333
875,Female,26,IT,Analyst,2021-06-11,Left,2024-07-04,37.3
876,Male,24,Sales,Analyst,2024-03-03,Active,,22.3
877,Female,22,Sales,Manager,2024-04-13,Active,,20.933333333333334
878,Female,59,IT,Analyst,2018-05-27,Left,2022-12-21,55.63333333333333
879,Male,36,Sales,Executive,2023-12-06,Active,,25.233333333333334
880,Male,55,IT,Executive,2019-02-16,Active,,83.7
881,Male,56,IT,Manager,2022-08-15,Active,,41.166666666666664
882,Female,46,IT,Manager,2024-08-07,Active,,17.066666666666666
883,Male,45,Finance,Analyst,2022-03-13,Active,,46.333333333333336
884,Female,33,IT,Analyst,2018-05-17,Active,,92.86666666666666
885,Female,39,Finance,Analyst,2018-01-19,Active,,96.8
886,Male,36,IT,Analyst,2024-02-21,Active,,22.666666666666668
887,Male,37,IT,Executive,2024-07-05,Active,,18.166666666666668
888,Female,48,IT,Executive,2023-05-14,Active,,32.1
889,Female,29,Sales,Manager,2024-02-01,Active,,23.333333333333332
890,Male,46,Finance,Analyst,2020-09-28,Active,,64.03333333333333
891,Male,38,Finance,Analyst,2019-03-25,Left,2022-10-06,43.03333333333333
892,Male,50,IT,Manager,2023-05-03,Active,,32.46666666666667
893,Male,29,IT,Analyst,2020-08-03,Active,,65.9
894,Male,36,Sales,Analyst,2021-10-09,Active,,51.5
895,Female,48,Sales,Analyst,2022-03-03,Active,,46.666666666666664
896,Female,28,Sales,Analyst,2018-05-21,Left,2022-07-05,50.2
897,Female,24,Finance,Analyst,2023-04-05,Active,,33.4
898,Female,50,Finance,Manager,2018-04-03,Left,2020-08-09,28.633333333333333
899,Male,45,Finance,Analyst,2018-08-27,Active,,89.46666666666667
900,Male,24,IT,Manager,2018-07-24,Active,,90.6
901,Male,41,Finance,Analyst,2021-12-27,Active,,48.86666666666667
902,Female,36,HR,Executive,2018-09-02,Active,,89.26666666666667
903,Female,46,HR,Executive,2020-04-11,Active,,69.7
904,Male,51,Sales,Executive,2018-10-22,Active,,87.6
905,Male,35,Finance,Executive,2020-05-05,Active,,68.9
906,Female,28,HR,Manager,2023-08-27,Active,,28.6
907,Female,38,Sales,Manager,2018-03-12,Active,,95.06666666666666
908,Male,41,Finance,Analyst,2021-07-16,Active,,54.333333333333336
909,Male,57,IT,Executive,2021-09-10,Left,2023-05-17,20.466666666666665
910,Female,30,HR,Manager,2018-11-01,Active,,87.26666666666667
911,Male,59,IT,Analyst,2020-10-27,Active,,63.06666666666667
912,Male,43,Finance,Analyst,2021-08-30,Active,,52.833333333333336
913,Male,23,HR,Manager,2020-03-27,Left,2022-08-05,28.7
914,Female,45,Finance,Executive,2021-01-31,Active,,59.86666666666667
915,Female,29,IT,Analyst,2020-03-31,Active,,70.06666666666666
916,Female,32,HR,Executive,2018-07-12,Left,2022-03-11,44.6
917,Female,34,IT,Executive,2022-11-12,Active,,38.2
918,Female,38,Finance,Executive,2019-06-13,Active,,79.8
919,Female,29,Finance,Analyst,2024-01-28,Active,,23.466666666666665
920,Female,42,IT,Executive,2018-09-08,Active,,89.06666666666666
921,Male,39,HR,Analyst,2022-11-24,Active,,37.8
922,Male,51,IT,Executive,2023-07-20,Left,2026-12-24,41.766666666666666
923,Male,39,Finance,Analyst,2024-09-29,Active,,15.3
924,Male,52,IT,Executive,2021-11-04,Active,,50.63333333333333
925,Male,59,Finance,Manager,2021-03-13,Active,,58.5
926,Male,53,IT,Executive,2023-09-04,Active,,28.333333333333332
927,Male,32,HR,Executive,2021-01-01,Active,,60.86666666666667
928,Female,46,HR,Analyst,2023-01-22,Active,,35.833333333333336
929,Female,54,IT,Analyst,2019-05-20,Left,2023-11-10,54.5
930,Male,59,IT,Executive,2022-06-10,Active,,43.36666666666667
931,Male,29,HR,Manager,2024-07-11,Active,,17.966666666666665
932,Female,32,Finance,Manager,2024-10-08,Active,,15.0
933,Male,43,HR,Analyst,2024-12-21,Active,,12.533333333333333
934,Male,45,Finance,Manager,2021-10-19,Left,2023-03-22,17.3
935,Female,38,IT,Executive,2021-05-07,Active,,56.666666666666664
936,Male,33,IT,Analyst,2019-12-19,Active,,73.5
937,Female,53,Finance,Executive,2018-12-05,Active,,86.13333333333334
938,Male,36,IT,Analyst,2019-10-21,Active,,75.46666666666667
939,Female,37,Finance,Analyst,2020-08-19,Active,,65.36666666666666
940,Female,43,Sales,Analyst,2019-03-05,Left,2020-08-12,17.533333333333335
941,Female,49,HR,Analyst,2020-06-17,Active,,67.46666666666667
942,Male,41,Sales,Manager,2018-05-19,Left,2020-08-21,27.5
943,Female,54,Finance,Executive,2019-06-26,Active,,79.36666666666666
944,Male,31,HR,Executive,2023-10-06,Left,2028-01-03,51.666666666666664
945,Male,53,Finance,Executive,2021-06-09,Left,2023-09-15,27.6
946,Male,54,HR,Analyst,2024-10-18,Active,,14.666666666666666
947,Male,23,HR,Manager,2019-01-19,Active,,84.63333333333334
948,Female,54,HR,Executive,2018-07-13,Active,,90.96666666666667
949,Female,54,HR,Manager,2024-02-11,Active,,23.0
950,Male,34,Finance,Analyst,2023-03-11,Active,,34.233333333333334
951,Male,51,HR,Executive,2024-05-28,Active,,19.433333333333334
952,Female,54,HR,Manager,2020-01-02,Active,,73.03333333333333
953,Male,34,Sales,Analyst,2023-12-04,Left,2025-01-31,14.133333333333333
954,Female,47,IT,Manager,2019-11-16,Active,,74.6
955,Male,43,IT,Executive,2018-03-23,Active,,94.7
956,Male,23,Sales,Executive,2024-07-08,Active,,18.066666666666666
957,Female,59,Sales,Analyst,2024-07-10,Active,,18.0
958,Male,47,Finance,Analyst,2019-06-16,Left,2020-03-30,9.6
959,Female,36,Finance,Analyst,2023-06-07,Left,2025-05-19,23.733333333333334
960,Male,55,Finance,Manager,2018-08-09,Active,,90.06666666666666
961,Male,32,Sales,Manager,2019-09-27,Active,,76.26666666666667
962,Male,24,Sales,Manager,2022-11-05,Left,2026-05-21,43.1
963,Female,27,HR,Analyst,2024-06-28,Active,,18.4
964,Male,30,Finance,Executive,2023-02-18,Active,,34.93333333333333
965,Male,27,Finance,Executive,2018-01-03,Active,,97.33333333333333
966,Male,30,Finance,Manager,2022-09-14,Active,,40.166666666666664
967,Male,52,IT,Manager,2018-07-25,Left,2019-11-12,15.833333333333334
968,Female,53,HR,Executive,2023-01-30,Active,,35.56666666666667
969,Female,33,Finance,Executive,2018-02-09,Active,,96.1
970,Male,29,Finance,Manager,2023-10-08,Active,,27.2
971,Female,29,Finance,Manager,2019-10-06,Active,,75.96666666666667
972,Male,49,IT,Executive,2022-03-11,Active,,46.4
973,Male,41,IT,Analyst,2023-03-23,Active,,33.833333333333336
974,Male,28,Sales,Manager,2023-11-14,Left,2024-08-31,9.7
975,Female,32,HR,Executive,2020-06-16,Active,,67.5
976,Female,41,Sales,Executive,2020-12-21,Active,,61.233333333333334
977,Female,37,HR,Executive,2021-07-03,Left,2026-05-30,59.733333333333334
978,Female,25,IT,Executive,2024-07-23,Active,,17.566666666666666
979,Female,27,Finance,Analyst,2019-11-02,Left,2023-08-13,46.0
980,Female,43,Sales,Executive,2022-02-14,Active,,47.233333333333334
981,Female,47,Finance,Manager,2024-06-22,Active,,18.6
982,Female,24,Sales,Analyst,2019-12-20,Active,,73.46666666666667
983,Female,35,IT,Executive,2020-12-07,Active,,61.7
984,Male,32,IT,Analyst,2023-05-10,Active,,32.233333333333334
985,Female,39,IT,Manager,2021-03-05,Active,,58.766666666666666
986,Female,33,Sales,Executive,2018-09-07,Active,,89.1
987,Female,44,HR,Manager,2024-06-19,Active,,18.7
988,Female,33,Sales,Executive,2023-03-08,Left,2024-08-11,17.4
989,Female,34,HR,Executive,2023-01-28,Active,,35.63333333333333
990,Female,46,Sales,Executive,2022-02-12,Left,2022-11-19,9.333333333333334
991,Female,40,Sales,Executive,2024-12-07,Active,,13.0
992,Female,57,IT,Executive,2021-05-19,Active,,56.266666666666666
993,Female,29,Finance,Analyst,2018-02-13,Left,2020-05-01,26.933333333333334
994,Female,50,Finance,Executive,2019-08-06,Active,,78.0
995,Female,53,HR,Executive,2021-07-12,Active,,54.46666666666667
996,Male,39,Finance,Analyst,2018-08-08,Active,,90.1
997,Male,27,Sales,Analyst,2023-04-10,Left,2027-08-31,53.46666666666667
998,Female,39,Sales,Analyst,2024-09-14,Active,,15.8
999,Female,40,IT,Analyst,2020-09-17,Active,,64.4
1000,Male,43,IT,Analyst,2022-12-18,Active,,37.0
